Video ID,Title,No. of views,No. of likes,No. of comments
waJKJW_XU90,Avatar: The Last Airbender | Official Teaser | Netflix,15764517,384109,35205
6pHZmBin4Xc,Toruk Macto - AVATAR (4k Movie Clip),2503740,19074,493
d9MyW72ELq0,Avatar: The Way of Water | Official Trailer,58147423,1042770,43084
nsO1isT60h8,Destruction of Home Tree - AVATAR (4k Movie Clip),484013,3815,615
5PSNL1qE6VY,Avatar | Official Trailer (HD) | 20th Century FOX,12795434,81232,8936
QohBlL3WurE,Training with the Ikran - AVATAR (4k Movie Clip),221789,2903,68
VjIdoK0xM5E,Neytiri and Jake vs Quaritch - Final Battle Scene - Avatar (2009) Movie Clip HD,1185122,4374,123
-pDP5K-xW2Y,Jake vs Colonel Quaritch - AVATAR (4k Movie Clip),839105,7111,428
Mvt1OWNk_Sg,The Final Battle (Part 1) - AVATAR (4k Movie Clip),516045,5092,212
PLtgIILX7E8,AVATAR Full Movie 2023: Fallen Kingdom | Superhero FXL Action Movies 2023 in English (Game Movie),43148433,203480,1336
a8Gx8wiNbs8,Avatar: The Way of Water | Official Teaser Trailer,27767928,682417,29008
YXtWPVFk5TQ,Avatar 3  Official Trailer | James Cameron  | 20th Century Studios | Avatar 3 Trailer,3207982,39313,1435
WDFr1O_GeAQ,Avatar (2009) - Best Scenes,2362303,18207,636
ofvrOdrO9gY,Neytiri saves Jake (Ending Scene) - AVATAR (4k Movie Clip),1303514,17007,867
3G6J-ITWekA,Jake Wakes up in his Avatar Body - AVATAR (4k Movie Clip),5381979,23219,676
Hj6JCTAqFOo,AVATAR 3 Full Movie 2023 Fallen Kingdom HD,66939,251,12
TgT8b62FJRI,Jake Meets Neytiri - AVATAR (4k Movie Clip),292477,3708,170
jbncrh_3NfM,The Final Battle (Part 3) - AVATAR (4k Movie Clip),586327,4981,201
2u9ApB0sWxw,AVATAR RECAP: Everything You need to Know Before &quot;Way of Water&quot;,579530,8997,322
V67Ytgs6KJo,Avatar: First Movie RECAP,610221,10346,320
0sJeBiUCIt4,AVATAR Clip - Final Battle (2009) James Cameron,32331290,191812,3681
oFErWcXJLdw,TRAINING TO BE IN THE NEXT AVATAR MOVIE,2540287,49581,1668
mdhEj_rG80Y,AVATAR - Movie Behind the Scenes | Making of,2963120,8180,134
zpSueMIfc2k,AVATAR Clip - &quot;Awake&quot; (2009) James Cameron,13139263,54077,753
f5Zx8iPek5I,Avatar 3 Will Introduce The Dark SideðŸ”¥ Of Na&#39;viâ€¦!?ðŸ˜®,7734709,351037,4005
nxjOFZqtLJc,AVATAR 3 Official Trailer (2024) | 20th Century Studios | Disney+,1858831,21424,594
uLbnhYxh5Uk,Avatar The Way Of Water full movie :2023 || official movie|| 2022,44015,120,4
Ehf6iESkLMk,Avatar 2: The Way Of Water - All Clips From The Movie (2022),2130475,10689,137
noVddIRzn3o,Sander VS Avatar Jake Sully #sandervs #satisfying #avatar,149516968,1155687,3284
RGx8rYbRVR4,Why People Hate Avatar: A Lesson In Lazy Commentary,435231,26163,4066
QOg9LUIvaig,"AVATAR: THE LAST AIRBENDER | Water, Earth, Fire, Air | Netflix",3260446,55251,3983
HR2kbOK8i6I,The Last Airbender (2010) - Earthbenders Revolt! Scene (2/10) | Movieclips,10155272,78388,0
Cimy6T1nczw,Avatar Scenes Without CGI,16190811,120724,1630
Xkw96oC3LnI,First Look at Team Avatar Movie Poster (2025),378492,33508,1279
T5vdPy7nbRQ,Avatar Element Animation 2,2402181,190953,4702
TKndKigKkss,Avatar the Last Airbender movie coming 2024! #avatar #avatarthelastairbender #movie #nickelodeon,273964,16914,218
u3_Uhq6qxhU,AVATAR: THE LAST AIRBENDER Official First Look (2024) Netflix Live Action Trailer,788836,6164,1083
U7cVZD0idBw,The Avatar wins a war with a Tsunami | The Last Airbender | CLIP,2422761,18567,754
KW58e84rMko,War Scene Final Battle | Avatar (2009) | Movie Clip,593008,6441,995
3b7sKh_QIbQ,Avatar: The Last of the Airbenders - Part One | Fan Film | JNJ Studios,3543988,31501,800
n76KALvTN3Q,Avatar: The Way of Water (2022) - Lo&#39;ak Rush to Save Payakan,1494989,4412,52
7xC-r3jOEp8,AVATAR: THE LAST AIRBENDER - OFFICIAL TRAILER (2024) | Netflix,322432,2075,200
2r71I8lvTIA,The Last Airbender Film: How it Disrespected a Great Series (Avatar Video Essay),5123339,154860,27180
kHNCaWjB-98,Zoe Saldana Performance Capture | AVATAR (2009) Before &amp; After CGI #shorts,24103032,1021499,3184
cN0kUKNBfxE,Avatar 2009 - The Final Battle - Best Fight Scenes FULL HD,3207621,27294,641
rM8ogjwity8,Avatar: The Way of Water - How It Should Have Ended,1387378,74485,2384
X8SVkfbt8cs,Avatar: The Way of Water,0,20896,1691
XmxLG1HBNTk,AVATAR Full Movie 2023: Galactic Empire | Superhero FXL Action Movies 2023 in English (Game Movie),2223978,7466,60
N_c8vTay6-k,Avatar 2 scenepack â€˜child scenesâ€™,406273,4528,145
vKGmPu04mE8,Avatar 2 Final Battle Full HD - Jake vs Quaritch[Video 4K],1260496,6177,132
